a2cloud_score,Cost(per hour USD),Instance
1.554661485,0.0928,t2.large
10,0.0832,B2ms
2.155150265,0.095,N1s2
1.812916918,0.015,Lin.G
2.353270011,0.1,c4.large
1.934719324,0.085,F2s
2.572744572,0.0709,N1cc
1,0.045,Lin.C
3.098704025,0.133,r4.large
3.781869536,0.126,E2s
2.844907224,0.1184,N1M2
3.488077099,0.09,Lin.M
1.878493105,0.085,c5.large
2.962999863,0.1,m4.large
1.662801821,0.0464,t2.medium
3.751583394,0.023,t2.small
2.126098527,0.0752,t3a.large
2.118464623,0.0376,t3a.medium
2.183819897,0.0188,t3a.small
2.501935978,0.0208,t3.small
1.54683395,0.0928,t2.large
7.82427981,0.0832,B2ms
2.99489408,0.095,N1s2
1.79295738,0.015,Lin.G
2.34459878,0.1,c4.large
1.91995593,0.085,F2s
3.74878386,0.0709,N1cc
0.97611966,0.045,Lin.C
3.55153852,0.133,r4.large
3.73316188,0.126,E2s
3.81837832,0.1184,N1M2
3.34814894,0.09,Lin.M
1.87295896,0.085,c5.large
2.67462072,0.1,m4.large
1.64936202,0.0464,t2.medium
3.7415169,0.023,t2.small
2.11146544,0.0752,t3a.large
2.10413686,0.0376,t3a.medium
2.16436058,0.0188,t3a.small
2.88572717,0.0208,t3.small
1.562489024,0.0928,t2.large
12.17572019,0.0832,B2ms
3.775406454,0.095,N1s2
1.83287646,0.015,Lin.G
2.361941244,0.1,c4.large
1.949482713,0.085,F2s
3.796705283,0.0709,N1cc
1.023880337,0.045,Lin.C
2.622541966,0.133,r4.large
3.830577188,0.126,E2s
3.871436128,0.1184,N1M2
3.628005259,0.09,Lin.M
1.884027251,0.085,c5.large
3.531379008,0.1,m4.large
1.676241622,0.0464,t2.medium
3.761649889,0.023,t2.small
2.140731619,0.0752,t3a.large
2.132792386,0.0376,t3a.medium
2.203279215,0.0188,t3a.small
2.618144791,0.0208,t3.small